City;Date;Mean temperature Celsius ;Minimum temperature  Celsius;Maximum temperature Celsius; Precipitation amount in mm
Paris;20070101;9.6;7.8;13.9;6.4
Paris;20070102;6;4;8.1;5
Paris;20070103;6.1;3.9;7.7;1.2
Paris;20070104;9.2;6.8;11.6;2
Paris;20070105;10;8.5;11.5;1.8
Paris;20070106;11.4;10.1;12.7;0.4
Paris;20070107;7.8;4.8;12.5;1
Paris;20070108;11.1;8.9;11.6;1.4
Paris;20070109;12.6;11;14.2;0.2
Paris;20070110;10.4;8;13;1.2
Paris;20070111;7.6;3.7;11.1;4.6
Paris;20070112;9.2;6.2;12.4;0
Paris;20070113;10.4;9.4;12.4;0.2
Paris;20070114;7.7;3.3;12.1;0
Paris;20070115;3.6;-1.2;8.5;0
Paris;20070116;7.8;5.1;10.6;0.6
Paris;20070117;11.2;10.6;13.3;7.8
Paris;20070118;13.1;13;14.9;0.8
Paris;20070119;14.2;12.7;15.6;0.4
Paris;20070120;11.9;9.7;14.1;3.4
Paris;20070121;8.2;6.1;10.4;0
Paris;20070122;4.5;1.7;7.3;0
Paris;20070123;1.2;0.2;2.3;0
Paris;20070124;1.6;-0.3;3.4;2
Paris;20070125;-1.4;-2.8;1.6;0
Paris;20070126;-1.2;-5.9;3.5;0
Paris;20070127;4.8;1.4;8.7;0
Paris;20070128;3.1;-0.4;6.6;0
Paris;20070129;7.6;4.5;10.8;0
Paris;20070130;5.9;6.7;8.8;0
Paris;20070131;7.6;6.1;9.2;0
Paris;20070201;7.5;3.9;11.1;0
Paris;20070202;9.8;8.9;10.6;0
Paris;20070203;7;3.7;10.2;0
Paris;20070204;6.5;2.1;11;0
Paris;20070205;4.5;2.6;6.5;0
Paris;20070206;5.1;3.2;7.1;0.6
Paris;20070207;3.2;0.3;3.6;6.4
Paris;20070208;5.1;-0.6;10.9;4.2
Paris;20070209;6.3;2.6;10.1;5.6
Paris;20070210;9.2;5.6;12.9;10.4
Paris;20070211;10.8;8.3;13.2;10
Paris;20070212;10;8.4;11.7;0.8
Paris;20070213;8.8;6.6;11;2.8
Paris;20070214;8.8;6.3;11.2;6.8
Paris;20070215;5.6;0.7;10.6;0
Paris;20070216;7.5;2.1;12.9;0
Paris;20070217;11.2;5.1;17.7;0
Paris;20070218;10.6;4.6;16.5;0
Paris;20070219;7.6;5.5;9.8;0
Paris;20070220;8;2.2;13.9;0
Paris;20070221;11;8.7;13.5;0.4
Paris;20070222;7.8;3.1;12.5;0.6
Paris;20070223;9.2;7.9;11.3;4
Paris;20070224;11.1;9.4;13;2.6
Paris;20070225;8;6.2;9.7;4.2
Paris;20070226;9.8;8.1;12.5;0.2
Paris;20070227;8.8;5.1;12.9;1.4
Paris;20070228;11.7;9.7;14.1;10.8
Paris;20070301;10;8.6;11.6;5.4
Paris;20070302;7.9;3.2;11.6;4.2
Paris;20070303;11.3;8.1;14.6;0.4
Paris;20070304;9.9;3.8;16.1;4.2
Paris;20070305;10.4;7.4;13.6;0
Paris;20070306;9.4;8.5;10.4;8.4
Paris;20070307;9.6;6.3;12.9;0
Paris;20070308;8.2;1.7;14.7;0
Paris;20070309;9;5.9;12.2;2.4
Paris;20070310;7.9;1;14.9;0
Paris;20070311;7.7;0.6;14.9;0
Paris;20070312;8.5;0.6;16.5;0
Paris;20070313;8.4;1.2;15.7;0
Paris;20070314;9.8;4.8;14.7;0
Paris;20070315;9.5;3.5;15.6;0
Paris;20070316;7.2;0.5;13.9;0
Paris;20070317;8.5;7.4;10.9;0
Paris;20070318;9;7.6;10.6;2.4
Paris;20070319;4.4;2.1;6.8;0.8
Paris;20070320;3.9;-0.5;8.3;1.6
Paris;20070321;5;2.1;8;1.4
Paris;20070322;7;4.2;9.7;0
Paris;20070323;2.3;-1.3;5.9;3
Paris;20070324;4.2;1.6;6.9;4.8
Paris;20070325;8;6;10.2;0
Paris;20070326;8.6;2;15.3;0
Paris;20070327;10;3;17.2;0
Paris;20070328;10.7;3.6;18.2;0
Paris;20070329;9.5;6.6;12.7;1.4
Paris;20070330;5.4;2.9;8;5
Paris;20070331;4.4;1.7;8.2;0
Paris;20070401;10.9;5.6;16.2;0
Paris;20070402;13.5;7.6;19.5;0
Paris;20070403;10.8;7.7;16.1;0
Paris;20070404;7.8;3.7;12.1;0
Paris;20070405;9.6;3.3;16.1;0
Paris;20070406;12.5;5.8;19.2;0
Paris;20070407;10.6;5.4;16;0
Paris;20070408;10.8;4.9;16.6;0
Paris;20070409;11.7;3.4;20.1;0
Paris;20070410;13.1;6.9;19.4;0
Paris;20070411;13.4;6.8;20.1;0
Paris;20070412;16;7.9;24.1;0
Paris;20070413;18.4;12.4;24.5;0
Paris;20070414;18.3;10.9;25.9;0
Paris;20070415;19.4;11.1;27.6;0
Paris;20070416;19.2;13.2;25.2;0
Paris;20070417;15.4;10.7;20;0
Paris;20070418;12;6.9;17.1;0
Paris;20070419;11.8;4;19.6;0
Paris;20070420;13.8;7.2;20.4;0
Paris;20070421;14.2;7.6;21;0
Paris;20070422;14.6;4.5;24.9;0
Paris;20070423;17.6;9.4;26;0
Paris;20070424;19;11.4;26.6;0
Paris;20070425;20.4;12.2;28.5;0
Paris;20070426;19.2;13.2;25.3;0
Paris;20070427;20;13.1;26.8;0
Paris;20070428;20;13.1;27;0
Paris;20070429;19;12.7;25.4;4.6
Paris;20070430;16.9;14.1;23.7;0.2
Paris;20070501;17;11;23.1;0
Paris;20070502;16.2;11;21.4;0
Paris;20070503;14.6;7.5;21.9;0
Paris;20070504;15.4;9.8;20.9;10.4
Paris;20070505;13.2;10.1;16.5;0
Paris;20070506;13.2;6.6;19.9;0
Paris;20070507;16.2;12.6;19.5;1.6
Paris;20070508;16.3;12;20.6;1.2
Paris;20070509;16.8;14.7;19.1;0
Paris;20070510;17.9;12;23.9;0
Paris;20070511;15;12.2;18;1.2
Paris;20070512;16.4;12.2;20.6;0
Paris;20070513;17.2;10.4;24;1.4
Paris;20070514;15.1;12;18.2;3.6
Paris;20070515;12.5;7.5;17.6;2.8
Paris;20070516;14.7;11.2;18.2;2.4
Paris;20070517;14.6;14.1;17.9;0.4
Paris;20070518;19.9;14.6;25.2;3.6
Paris;20070519;17.3;14.1;20.8;4
Paris;20070520;12.5;9.9;15.1;9
Paris;20070521;18.8;13;25;0
Paris;20070522;17.5;15.2;23;0
Paris;20070523;18.2;13.6;22.8;0
Paris;20070524;20.6;13.6;27.5;0
Paris;20070525;21.9;15.1;28.7;6.2
Paris;20070526;16.9;15.1;21.1;2
Paris;20070527;11.6;10.1;14.5;9
Paris;20070528;12.3;9.6;15.8;7.2
Paris;20070529;11.8;8;17.3;0
Paris;20070530;11.9;11.5;16.8;1.4
Paris;20070531;14.3;8.9;19.8;5.4
Paris;20070601;13.2;7.4;19.1;0
Paris;20070602;18;11.7;24.5;0
Paris;20070603;19.4;13.8;22.9;0
Paris;20070604;20.4;16.6;24.4;0
Paris;20070605;19.6;14.5;24.6;0
Paris;20070606;20.5;14.9;26.1;0
Paris;20070607;18.9;15.1;22.7;0.4
Paris;20070608;20.2;17.1;23.5;0.4
Paris;20070609;20.4;16.6;24.4;0
Paris;20070610;20;14.4;25.6;0.2
Paris;20070611;20.3;15.2;25.5;0
Paris;20070612;19.4;15.4;23.6;0
Paris;20070613;19.8;13.1;26.6;1.8
Paris;20070614;19.2;15.1;23.5;31.6
Paris;20070615;18.3;14.7;22;3.2
Paris;20070616;18;14;22.1;0.8
Paris;20070617;16.4;10.6;22.4;5.4
Paris;20070618;20.2;16.5;26.3;0
Paris;20070619;24;17.1;32;11.4
Paris;20070620;19.4;14.4;24.5;3.4
Paris;20070621;18.9;15.7;22.7;0
Paris;20070622;16.4;14.2;18.7;21.4
Paris;20070623;18.5;14.4;22.7;0.2
Paris;20070624;17.8;13.9;22.9;1.8
Paris;20070625;17.4;14.2;21.1;8.4
Paris;20070626;14.9;13.1;17.3;0.2
Paris;20070627;14.9;11.6;19.1;0.4
Paris;20070628;16;13.4;19.7;0
Paris;20070629;16.2;14.6;18.9;0.4
Paris;20070630;19.1;15.2;23.4;0.8
Paris;20070701;20;16.2;23.9;1.2
Paris;20070702;18.8;14.6;23.1;4
Paris;20070703;16.8;13.3;20.2;13.6
Paris;20070704;16;11.8;20.4;2.2
Paris;20070705;16.8;13;20.6;1.4
Paris;20070706;18.4;14.1;22.7;0
Paris;20070707;17.2;12;22.5;0
Paris;20070708;17.4;14;20.9;2.4
Paris;20070709;14.1;9.5;18.7;9
Paris;20070710;14.6;10.8;18.4;5.8
Paris;20070711;16.8;12.3;21.2;0
Paris;20070712;16.8;11.7;22;0
Paris;20070713;22;14.8;29.2;0
Paris;20070714;24.6;18.6;30.6;0
Paris;20070715;24.8;19.2;32.4;0.2
Paris;20070716;22.7;19.5;26;9.2
Paris;20070717;19.6;13.6;25.7;0
Paris;20070718;20.3;16.1;25.6;0
Paris;20070719;21.1;15.4;26.9;0.2
Paris;20070720;20.4;17.2;23.6;0
Paris;20070721;17.1;13.6;23.1;0
Paris;20070722;17.1;13.5;22.6;3
Paris;20070723;17.5;14.6;20.6;13.4
Paris;20070724;19;15.4;23.6;0.4
Paris;20070725;18;11.6;24.3;0
Paris;20070726;19.8;14;25.7;0
Paris;20070727;19.6;16.6;23.8;0.8
Paris;20070728;20;17.7;22.9;1.6
Paris;20070729;18.2;16.7;21.6;2.8
Paris;20070730;15.6;8.7;22.4;0
Paris;20070731;15.7;9.6;21.9;0
Paris;20070801;19.5;11.8;27.2;2.2
Paris;20070802;19.2;14.9;23.6;1.2
Paris;20070803;18.4;12.2;24.6;0
Paris;20070804;20.2;12;28.4;0
Paris;20070805;24;15.4;32.7;0.6
Paris;20070806;18.4;16.7;20.2;4.8
Paris;20070807;16.6;10.2;23.1;23.4
Paris;20070808;15.6;13;18.2;7.6
Paris;20070809;15;11.4;18.6;0.2
Paris;20070810;15.7;13.6;17.9;0
Paris;20070811;18.6;15.7;21.6;0
Paris;20070812;19.2;13.1;25.4;2.4
Paris;20070813;17.6;12.5;22.9;0
Paris;20070814;18.3;12.1;24.6;4.2
Paris;20070815;19.4;17.9;21;6.8
Paris;20070816;17.9;14.6;21.9;0.2
Paris;20070817;15.9;13.2;20.2;0.2
Paris;20070818;16;10.1;22;5.2
Paris;20070819;17.3;14.2;20.8;5.8
Paris;20070820;15.8;12.9;18.9;0.2
Paris;20070821;16.2;11.2;21.1;5.4
Paris;20070822;17.5;15.9;19.3;36.8
Paris;20070823;17.7;16;19.5;31.2
Paris;20070824;18.9;16.6;22.3;0.2
Paris;20070825;18.8;14.1;25.2;0.2
Paris;20070826;19.7;15;25.7;0
Paris;20070827;18;13.5;22.5;0
Paris;20070828;16.2;11.5;21.1;0.2
Paris;20070829;16;12.2;20.2;0
Paris;20070830;15.4;9.5;21.5;0
Paris;20070831;18.4;15.1;21.7;0
Paris;20070901;18.4;15.1;21.9;0
Paris;20070902;17.2;12.8;21.6;0
Paris;20070903;15.5;12.5;18.6;0.4
Paris;20070904;14.1;9.4;18.9;0.2
Paris;20070905;13.6;7;20.2;0
Paris;20070906;18.4;14.9;22;0
Paris;20070907;18.6;15.7;21.6;0
Paris;20070908;18.4;13;23.7;0
Paris;20070909;17.4;13.5;21.4;0
Paris;20070910;14.8;8.9;20.7;0
Paris;20070911;13.6;8.1;19.1;0
Paris;20070912;14.5;9.3;19.7;0
Paris;20070913;16.2;9.9;22.5;0
Paris;20070914;15.7;8.1;23.4;0
Paris;20070915;18.4;14;23;0
Paris;20070916;18.2;10.1;26.4;0
Paris;20070917;17.2;13.2;21.2;0.8
Paris;20070918;13.4;10.5;16.5;0.2
Paris;20070919;10.8;4.2;17.5;0
Paris;20070920;13.8;6.9;20.9;0
Paris;20070921;14.4;6.4;22.6;0
Paris;20070922;14.4;8.1;21.4;0
Paris;20070923;16.2;13.1;21.7;0
Paris;20070924;15.6;12.7;18.4;1.8
Paris;20070925;12.8;8.1;17.6;2.8
Paris;20070926;11.7;9.6;16.2;4.6
Paris;20070927;12.2;8.6;15.8;1.8
Paris;20070928;13.2;12.1;14.4;4.8
Paris;20070929;14;10.6;17.3;0
Paris;20070930;12;4.5;19.8;0.2
Paris;20071001;18;13.9;22.2;0.8
Paris;20071002;18.4;15.5;19.1;0.2
Paris;20071003;18.2;15.2;21.2;0.2
Paris;20071004;15.9;14.4;17.5;0
Paris;20071005;14.4;10.6;18.4;0
Paris;20071006;14.7;9.3;20.1;0
Paris;20071007;13.2;6.1;20.4;0
Paris;20071008;12.3;6.7;18;0
Paris;20071009;13;7.3;18.6;9
Paris;20071010;12;7.9;16.2;0.2
Paris;20071011;13.2;10.1;16.2;0
Paris;20071012;11.5;6.1;17;0
Paris;20071013;14.8;12.2;17.5;0
Paris;20071014;13.2;7.5;19.1;0.2
Paris;20071015;11.6;7.8;15.6;0
Paris;20071016;13.9;7.5;21.1;0.4
Paris;20071017;14.1;12.4;16.5;0.2
Paris;20071018;10;5.4;14.7;0
Paris;20071019;9;4.7;13.3;0
Paris;20071020;7.8;4.1;11.7;0
Paris;20071021;5.9;-0.6;12.4;0
Paris;20071022;7.4;7.4;11.8;0
Paris;20071023;5.9;0.9;11;0
Paris;20071024;6.5;2.6;10.5;0
Paris;20071025;8.6;6.6;10.5;0
Paris;20071026;9.6;9.1;10.5;0
Paris;20071027;9.2;8.1;10.4;0
Paris;20071028;8;4.6;11.6;0.2
Paris;20071029;9.4;8.9;11.3;24
Paris;20071030;9.2;4.7;13.6;0
Paris;20071031;7.6;2;13.4;0
Paris;20071101;7.6;2.1;13.1;0
Paris;20071102;12.1;10.6;13.6;0.4
Paris;20071103;13;12.2;13.9;0.6
Paris;20071104;12.2;10.1;14.4;0
Paris;20071105;8.5;4.4;12.6;0.8
Paris;20071106;9;6.1;12;0
Paris;20071107;6.6;2;11.4;0
Paris;20071108;11;9.4;12.7;3
Paris;20071109;7.2;4.8;9.7;0.6
Paris;20071110;7.2;1;13.6;0
Paris;20071111;11.5;9.9;13.1;1.2
Paris;20071112;6;2.1;10.5;0
Paris;20071113;3.8;-0.4;7.6;5.6
Paris;20071114;6.8;5.1;8.5;0
Paris;20071115;1.9;-1.1;5.6;0
Paris;20071116;0.6;-3.5;4.7;0
Paris;20071117;1.1;-5.2;7.4;0
Paris;20071118;0.4;-3.7;4.5;3.4
Paris;20071119;5.2;4.6;8.8;5.6
Paris;20071120;9.8;7;12.8;5.8
Paris;20071121;10;7.4;12.8;0
Paris;20071122;9;4.2;13.7;0
Paris;20071123;7.6;6.2;9;0.2
Paris;20071124;4.5;0.9;8.1;0.6
Paris;20071125;5.6;5.2;10.6;0
Paris;20071126;6.9;5.9;10.1;0
Paris;20071127;5.6;0.9;10.5;0
Paris;20071128;-0.1;-2.7;2.4;0
Paris;20071129;4.3;-0.7;9.3;0.6
Paris;20071130;5.7;3.2;9.8;4
Paris;20071201;9.3;7.6;11.1;3.6
Paris;20071202;9.5;7.1;11.4;17.8
Paris;20071203;8.8;6.7;11.1;2
Paris;20071204;8.6;6.1;11.1;0
Paris;20071205;11.5;9.9;13.1;1.2
Paris;20071206;10.8;8.4;12.5;5.8
Paris;20071207;10.6;7.9;13.4;2.2
Paris;20071208;7.4;3.7;8.2;11.4
Paris;20071209;8.6;7.4;9.7;4
Paris;20071210;8;6.9;9.1;1
Paris;20071211;5.7;3.7;7.7;0.2
Paris;20071212;2.8;-1.2;6.7;0
Paris;20071213;2.4;-1;5.9;0
Paris;20071214;0.8;-0.2;1.9;0
Paris;20071215;0.6;-1.8;3.1;0
Paris;20071216;-1.4;-4.6;1.8;0
Paris;20071217;-1.1;-2.6;0.4;0
Paris;20071218;-2;-4.5;0.6;0
Paris;20071219;-2.4;-5.4;0.7;0
Paris;20071220;-1.9;-7.1;3.3;0
Paris;20071221;0.2;-5.5;5.8;0
Paris;20071222;1.5;-6.3;9.3;0
Paris;20071223;2.6;-4.3;9.5;0
Paris;20071224;0.4;-5.7;6.4;0
Paris;20071225;1.4;-1.1;4;0.2
Paris;20071226;2.1;0.1;4.2;0
Paris;20071227;4.6;2.9;6.5;0.2
Paris;20071228;5.6;4.6;6.7;0
Paris;20071229;7;5.6;9;1.8
Paris;20071230;5.8;2.2;9.3;0
Paris;20071231;5.1;3.9;6.4;0.2
Paris;20080101;4.1;2.1;6.1;0
Paris;20080102;0.7;-0.6;2.1;0
Paris;20080103;2;-2.1;4.5;0.4
Paris;20080104;6.7;3.1;10.4;10.2
Paris;20080105;7.8;6;9.6;0.6
Paris;20080106;7.8;3.5;9.5;1.2
Paris;20080107;9;7.1;11.1;0.2
Paris;20080108;6;3.9;8.2;0
Paris;20080109;7.8;5.1;10.5;0.8
Paris;20080110;7.1;2.9;11.4;0.6
Paris;20080111;9.6;8.3;11;4
Paris;20080112;6.6;4.1;9.1;0
Paris;20080113;6.7;4.4;9.1;0.6
Paris;20080114;7.5;4.4;10.6;0.6
Paris;20080115;8.5;7.7;9.4;6.4
Paris;20080116;7.2;6.1;8.7;1.4
Paris;20080117;8;4.9;11.1;0.4
Paris;20080118;9.8;7.1;12.5;1.4
Paris;20080119;13;11.2;14.9;0
Paris;20080120;12;11;13.1;0
Paris;20080121;10.3;9.1;11.5;2.8
Paris;20080122;6.4;3.4;9.4;0
Paris;20080123;6;3.7;11.4;0
Paris;20080124;7.8;5.6;10;0.2
Paris;20080125;4.6;-1.1;10.3;0
Paris;20080126;3.5;-2.2;9.1;0
Paris;20080127;3.7;-3.9;11.4;0
Paris;20080128;2.1;-3.4;7.6;0
Paris;20080129;2.1;-0.4;4.7;0
Paris;20080130;3.2;1.6;5;2.2
Paris;20080131;2.8;-2.2;7.7;13.6
Paris;20080201;5;3.1;7.1;11.2
Paris;20080202;2.6;-2.2;7.6;0
Paris;20080203;3.6;-2.1;8.1;4
Paris;20080204;6;4.4;7.6;3.2
Paris;20080205;7.5;3.3;11.7;8.4
Paris;20080206;9.6;6.3;13;0
Paris;20080207;5.7;-1;12.5;0
Paris;20080208;6.4;0.5;12.5;0
Paris;20080209;6.5;0.1;13;0
Paris;20080210;5.2;-1.7;12.1;0
Paris;20080211;7;1.6;12.4;0
Paris;20080212;5.4;-1.1;11.9;0
Paris;20080213;6.1;0.8;11.5;0
Paris;20080214;3.4;-0.7;7.5;0
Paris;20080215;1.1;-0.3;2.5;0
Paris;20080216;1.9;-2.9;6.7;0
Paris;20080217;3.1;-2.3;8.5;0
Paris;20080218;3.6;-4.1;11.3;0
Paris;20080219;5.7;0;11.4;0.8
Paris;20080220;6.8;6.7;9.4;1.4
Paris;20080221;7.4;4.6;10.2;0
Paris;20080222;10;6.1;14;0
Paris;20080223;10.1;7.4;12.9;0
Paris;20080224;9;0.7;17.3;2.8
Paris;20080225;11.4;9.7;13.3;0
Paris;20080226;9.8;9;11.3;3.4
Paris;20080227;7.2;2.9;11.5;0.4
Paris;20080228;9.6;6.6;12.8;0.2
Paris;20080229;11;9.4;12.6;0.6
Paris;20080301;12.5;10.7;14.4;0
Paris;20080302;11.9;8.7;15.1;3
Paris;20080303;8.2;6.2;10.4;2
Paris;20080304;5.4;2.8;8.1;0.4
Paris;20080305;3.8;-0.1;7.7;0
Paris;20080306;3.6;-1.9;9.1;0.2
Paris;20080307;8;6;10.1;0
Paris;20080308;6;0.5;11.6;0
Paris;20080309;8.6;7.1;10.1;3.2
Paris;20080310;6.8;3.8;9.9;3.8
Paris;20080311;10.1;5.7;14.6;7.4
Paris;20080312;10.2;7.8;13.4;0.4
Paris;20080313;8.8;5.5;12.1;1
Paris;20080314;12.2;8.7;15.9;0
Paris;20080315;11.5;5.2;17.9;4.2
Paris;20080316;11.7;9.1;14.3;3.4
Paris;20080317;7.6;5.9;9.4;0
Paris;20080318;4;0.9;7.3;0
Paris;20080319;5.5;4.2;9.2;0
Paris;20080320;4.2;-1;9.4;2
Paris;20080321;7.6;4.9;10.3;5.4
Paris;20080322;5.2;1.5;9;2.4
Paris;20080323;3;-0.8;6.8;3.4
Paris;20080324;3.8;1.4;6.8;1.4
Paris;20080325;4;-0.5;8.4;0
Paris;20080326;7.2;4.2;10.1;5
Paris;20080327;8.2;4.9;11.9;1
Paris;20080328;5;-0.1;10.1;6
Paris;20080329;9;4.1;13.8;0
Paris;20080330;8.6;8.1;10.8;4.8
Paris;20080331;9.2;5.5;14.2;0.8
Paris;20080401;9.2;3.9;14.5;0
Paris;20080402;10.4;7.2;13.6;3.2
Paris;20080403;12;8.8;15.1;0
Paris;20080404;9.2;2.5;15.9;0
Paris;20080405;9.2;6.2;12.1;1.8
Paris;20080406;5.8;2.7;8.9;2.6
Paris;20080407;4.6;-0.5;9.6;0.2
Paris;20080408;4;-1;9;0
Paris;20080409;7;5.3;8.6;0.2
Paris;20080410;7.6;2.4;13;0
Paris;20080411;9.5;4.5;14.6;0
Paris;20080412;9.7;3.9;15.6;0.4
Paris;20080413;9.7;6.9;12.6;12.8
Paris;20080414;8.2;5.6;11;3.6
Paris;20080415;7.6;2.6;12.6;0
Paris;20080416;6.2;-0.7;13.2;0
Paris;20080417;7.6;2.6;12.5;0.6
Paris;20080418;10.7;7.9;14.9;2.2
Paris;20080419;13.2;10.1;17.1;0
Paris;20080420;11.8;8.9;16.1;6.2
Paris;20080421;12.9;10.7;15.3;0.2
Paris;20080422;12.8;8.6;19.5;0
Paris;20080423;12.1;9.2;17;0.4
Paris;20080424;10.7;3.1;18.3;1
Paris;20080425;12.6;8.5;18.7;0
Paris;20080426;13.3;9.4;20.6;0
Paris;20080427;17;10.9;24.7;0.2
Paris;20080428;12.6;9;16.3;3.2
Paris;20080429;9.4;7.6;12.8;9.2
Paris;20080430;11.4;8.6;15;2.4
Paris;20080501;10.6;6.1;15.2;1
Paris;20080502;12.7;6.7;18.7;0
Paris;20080503;16.7;10.1;23.2;0
Paris;20080504;17.8;11.3;24.2;0
Paris;20080505;17;11.9;22.2;0
Paris;20080506;17.1;11.4;22.9;0
Paris;20080507;17;9.2;24.7;0
Paris;20080508;19.3;12.4;26.4;0
Paris;20080509;18.2;12.4;24.1;0
Paris;20080510;20.4;14;26.7;0
Paris;20080511;19.7;14.2;25.2;0
Paris;20080512;18.8;12.1;25.6;0
Paris;20080513;18.8;11;26.6;0
Paris;20080514;19.8;13.8;25.9;13
Paris;20080515;17.5;13.9;21.1;0.2
Paris;20080516;16.4;10.5;23.2;0.2
Paris;20080517;16.6;13.7;20.1;0
Paris;20080518;13.1;11.6;17.4;2.2
Paris;20080519;12.8;9.6;16.3;0
Paris;20080520;14;8.7;19.3;0
Paris;20080521;14.1;7.9;20.4;0
Paris;20080522;16.6;13.2;20.1;0
Paris;20080523;16.4;10.9;22.1;0
Paris;20080524;18.9;16.6;22.3;2.2
Paris;20080525;17.8;13.7;22.4;5.2
Paris;20080526;16.8;15.1;18.9;4.8
Paris;20080527;14.8;14;18.1;24.2
Paris;20080528;18.2;14.1;22.4;0
Paris;20080529;17.1;15.5;20.9;0.6
Paris;20080530;18.7;15.6;23.3;0.2
Paris;20080531;16.8;14.9;20;0
Paris;20080601;17.5;12.5;22.6;1
Paris;20080602;18.5;15.6;21.5;1.6
Paris;20080603;16.1;13.3;19;1.6
Paris;20080604;15.3;11.9;18.7;0
Paris;20080605;16.8;13.5;20.2;0.2
Paris;20080606;15.4;12.6;18.2;0
Paris;20080607;14.8;10.4;19.1;0.2
Paris;20080608;15.4;9.3;21.6;0
Paris;20080609;21.4;15.3;27.6;0
Paris;20080610;21.8;15.8;27.9;0
Paris;20080611;18.5;13.8;23.2;0
Paris;20080612;14.1;10;18.2;4.2
Paris;20080613;11.8;5.8;17.7;0
Paris;20080614;14.9;10;19.9;0
Paris;20080615;13.4;8.4;18.2;0.8
Paris;20080616;15.4;11.4;19.5;0
Paris;20080617;16.6;9.4;23.8;0
Paris;20080618;16.6;11.1;22.3;0
Paris;20080619;17.2;12.4;22.2;9.4
Paris;20080620;18.8;15.6;23.8;0
Paris;20080621;20.8;13.7;28;0.8
Paris;20080622;22.4;19;28.3;0.2
Paris;20080623;18.6;13.1;24.1;0
Paris;20080624;22.1;14.6;29.6;0
Paris;20080625;23;19.7;26.4;0
Paris;20080626;19.6;14.9;25.3;0
Paris;20080627;17.8;15.7;22.6;0
Paris;20080628;21.5;18.9;26;0
Paris;20080629;21.1;16.6;25.6;0
Paris;20080630;20.2;14.2;26.2;0
Paris;20080701;23.2;14.5;32;0.2
Paris;20080702;21.8;19;24.7;3.2
Paris;20080703;19.2;14.6;23.9;0.4
Paris;20080704;16.2;8.1;24.2;0.2
Paris;20080705;19.8;16.7;22.9;2.2
Paris;20080706;17.5;11.4;23.6;0
Paris;20080707;16.8;12.9;20.6;14
Paris;20080708;16.8;13;20.6;0.4
Paris;20080709;18.3;11.4;25.2;0
Paris;20080710;21.2;14.3;28.2;0.8
Paris;20080711;19.8;15.6;24.1;0.4
Paris;20080712;17.4;13.4;21.5;0
Paris;20080713;15.7;11.2;20.2;0
Paris;20080714;16.5;8.3;24.7;0
Paris;20080715;19.6;11.1;28.1;0
Paris;20080716;18.4;17.2;22.4;0
Paris;20080717;19;14.1;23.9;0
Paris;20080718;18.8;15.4;23;0.2
Paris;20080719;20.7;16.9;24.8;0
Paris;20080720;16.1;13.1;21.6;0
Paris;20080721;15.7;10.1;21.3;0
Paris;20080722;17.2;8.5;26.1;0
Paris;20080723;20.8;14.2;27.5;0
Paris;20080724;22.2;15.4;29.1;0
Paris;20080725;22.5;18.7;28.1;23.6
Paris;20080726;21;16.4;25.8;0
Paris;20080727;24.2;19.7;29.4;2
Paris;20080728;25;18.6;31.6;1
Paris;20080729;21.6;16.5;26.9;0
Paris;20080730;23.2;18.5;31.7;0
Paris;20080731;26.1;20.9;33.6;0.6
Paris;20080801;20.7;16.2;25.1;0
Paris;20080802;19.8;14.4;25.2;0.8
Paris;20080803;21.2;17;25.6;7.6
Paris;20080804;21;17.2;25;0
Paris;20080805;22;15.8;28.2;0
Paris;20080806;24;15.6;32.6;32
Paris;20080807;20.4;16.6;24.2;9.4
Paris;20080808;19.4;16.2;22.7;0.2
Paris;20080809;18.8;12.2;25.6;0
Paris;20080810;19;15.7;22.4;0.2
Paris;20080811;18.1;12.8;23.5;4.2
Paris;20080812;20.2;15.5;24.9;0
Paris;20080813;18.8;14.7;22.9;0
Paris;20080814;16.6;11.3;22.1;3.2
Paris;20080815;18.4;13.9;23.1;0
Paris;20080816;17.8;13.2;23.4;0
Paris;20080817;19.2;15.6;22.7;0
Paris;20080818;19.8;16.2;25.4;0
Paris;20080819;19.6;16;23.9;1
Paris;20080820;18.4;15.1;22;0
Paris;20080821;18.6;13.4;24;1.2
Paris;20080822;16.5;16.1;17;17.8
Paris;20080823;16;12;20.8;0
Paris;20080824;14.8;12.6;19;4.6
Paris;20080825;18.2;14.1;22.9;0.2
Paris;20080826;18.8;13.6;24;0
Paris;20080827;17.8;12.1;23.4;0
Paris;20080828;18;14.9;21.1;0
Paris;20080829;19.5;17;22.1;0
Paris;20080830;21.6;13.9;29.4;0
Paris;20080831;21.9;20;26.8;0
Paris;20080901;18.8;15.1;22.6;0
Paris;20080902;19;15.1;22.9;2
Paris;20080903;13.6;10.9;16.4;1.8
Paris;20080904;14.4;9.8;19;0.2
Paris;20080905;17;13.5;20.6;1.8
Paris;20080906;18.1;14.7;21.6;0.4
Paris;20080907;17.2;13.8;20.6;0.6
Paris;20080908;16.2;10.9;21.6;0
Paris;20080909;18.8;10.6;27.1;0.2
Paris;20080910;20.6;15.5;25.6;0.2
Paris;20080911;20.9;14.6;27.7;2.2
Paris;20080912;16.4;13;19.7;0.6
Paris;20080913;12.8;7.5;18.2;0.2
Paris;20080914;15.6;12;19.2;0
Paris;20080915;12.4;6.7;18.1;0
Paris;20080916;13.2;8.1;18.3;0
Paris;20080917;12.4;8.5;16.5;0
Paris;20080918;11.4;7;16.4;0
Paris;20080919;12.5;6;19.1;0
Paris;20080920;13.4;7.1;19.7;0
Paris;20080921;12.4;7;18;0
Paris;20080922;12.8;7.1;18.4;0
Paris;20080923;12.3;8.2;17.4;1.8
Paris;20080924;14.9;11.2;18.9;0
Paris;20080925;15.4;12.6;20;0
Paris;20080926;13.6;8.4;19;0
Paris;20080927;14.3;8.1;20.6;0
Paris;20080928;13.4;6.5;20.5;0
Paris;20080929;11.5;5.2;18.2;0
Paris;20080930;10.8;9.4;14.2;1.2
Paris;20081001;16;12.8;19.4;0.4
Paris;20081002;11.8;8.2;15.6;0.6
Paris;20081003;8.4;5.3;11.6;1.8
Paris;20081004;8.8;2.8;15;0.6
Paris;20081005;13.2;10.1;15.6;0.6
Paris;20081006;16;13.5;18.6;0.6
Paris;20081007;17.9;13.5;22.4;9.2
Paris;20081008;13.6;10.8;16.5;0
Paris;20081009;12.3;8.4;16.4;0
Paris;20081010;12.2;4.6;20;0.2
Paris;20081011;12.5;6.3;18.9;0.2
Paris;20081012;14.4;7.1;21.7;0.2
Paris;20081013;18.2;11.6;24.9;0
Paris;20081014;15.8;12.8;19;0
Paris;20081015;14.8;12.7;17.1;1
Paris;20081016;12.7;10.6;14.9;1.2
Paris;20081017;9.2;3.1;15.3;0
Paris;20081018;9;1.6;16.4;0
Paris;20081019;8.8;1.6;16.2;0
Paris;20081020;12.3;4.7;19.9;1.6
Paris;20081021;10.5;9.1;11.8;7.4
Paris;20081022;10.2;6.6;13.7;0
Paris;20081023;7.9;1.5;14.5;0
Paris;20081024;8.8;5.4;12.6;0
Paris;20081025;10.6;9.2;12.3;0.4
Paris;20081026;10.2;7.1;15.2;13.8
Paris;20081027;11.6;9;14.3;3.4
Paris;20081028;7.8;4.9;11.4;0
Paris;20081029;1.8;-1;4.6;0.2
Paris;20081030;4;2.1;5.9;4.4
Paris;20081031;6.4;5.5;8.6;12.2
Paris;20081101;8.4;5.9;10.9;4.2
Paris;20081102;9.4;6.2;12.7;1.2
Paris;20081103;12;7.1;17;0
Paris;20081104;9.8;2.6;17;2
Paris;20081105;8.8;8;9.6;6.4
Paris;20081106;9;7.9;10.1;0
Paris;20081107;10;8.3;11.9;2.4
Paris;20081108;8.3;4.1;12.2;4.6
Paris;20081109;11.6;9.5;12.7;0.4
Paris;20081110;13;10.7;15;6.6
Paris;20081111;10.6;7.8;13.4;0.2
Paris;20081112;7.6;4.6;10.9;0
Paris;20081113;7.2;1.9;12.5;0
Paris;20081114;6.6;3.3;10.1;0.6
Paris;20081115;10.6;9.5;11.5;0.2
Paris;20081116;11.6;10.6;12.6;0.8
Paris;20081117;7.9;5.7;10.1;1.6
Paris;20081118;8.3;8.6;11.7;0.8
Paris;20081119;7.2;3.4;11;0
Paris;20081120;9.8;8.6;11.7;0
Paris;20081121;9.9;8.4;11.5;3
Paris;20081122;4.5;2;7.1;0
Paris;20081123;1.8;-3.8;7.3;6.4
Paris;20081124;4.6;1.7;7.6;1.4
Paris;20081125;2.5;-2.4;7.4;0
Paris;20081126;5;3.1;7.5;0
Paris;20081127;2.2;0.2;4.4;0
Paris;20081128;2;0.5;3.5;0
Paris;20081129;3.2;2.1;6.1;4.8
Paris;20081130;2.8;0.6;5.5;1.6
Paris;20081201;4.3;2.6;6;0.2
Paris;20081202;3.2;-1;7.4;2.6
Paris;20081203;4.8;1.9;7.7;3.8
Paris;20081204;3.6;-2.6;10;5.6
Paris;20081205;7;6.1;7.9;2.4
Paris;20081206;6.7;4.7;8.7;0
Paris;20081207;1.8;0.3;3.5;0
Paris;20081208;1.4;0.5;2.5;0
Paris;20081209;1.6;0;3.4;3.4
Paris;20081210;1.2;-1.9;4.4;0
Paris;20081211;0.8;-3.4;5.1;0
Paris;20081212;-0.6;-1.8;0.6;0
Paris;20081213;0.5;-2.9;2.6;4.2
Paris;20081214;3.8;2.5;5.1;1.8
Paris;20081215;1.8;0.6;3.7;0
Paris;20081216;0.8;0.2;1.5;0
Paris;20081217;2.6;-1.3;6.4;1.8
Paris;20081218;4;-0.5;8.6;0.4
Paris;20081219;6.6;3.6;9.6;0
Paris;20081220;7.4;3.7;11.1;0
Paris;20081221;9.4;9;9.8;0
Paris;20081222;9;8.4;9.8;0.2
Paris;20081223;8.2;6.5;9.9;0
Paris;20081224;3.1;-0.3;6.6;0
Paris;20081225;5.3;4;6.7;0
Paris;20081226;1.6;-0.6;3.9;0
Paris;20081227;-0.5;-2.6;1.6;0
Paris;20081228;-1.6;-4.2;1;0
Paris;20081229;-1.2;-4.6;2.2;0.2
Paris;20081230;-1.6;-4;0.7;2
Paris;20081231;1.6;0.5;3.1;0
Paris;20090101;0.4;-0.7;2.4;0
Paris;20090102;-0.4;-3.1;2.2;0
Paris;20090103;-0.6;-2.9;1.9;0
Paris;20090104;-3.7;-7.5;0.1;0
Paris;20090105;-2.1;-4;-0.1;2.2
Paris;20090106;-6;-8.4;-3.6;0
Paris;20090107;-6;-12.5;-1.1;0
Paris;20090108;-1.1;-2.9;0.9;0
Paris;20090109;-4.8;-8.7;-0.9;0
Paris;20090110;-4.7;-10.4;1.1;0
Paris;20090111;-3;-9.4;3.4;0
Paris;20090112;0.9;-3.1;4.6;1.2
Paris;20090113;4.1;2.6;5.7;0.4
Paris;20090114;3.5;2.5;4.6;0.8
Paris;20090115;2.8;-0.9;6.5;0
Paris;20090116;2.4;-0.7;5.5;0
Paris;20090117;6.6;5.4;8.4;7.6
Paris;20090118;6.4;4.4;8.4;12.8
Paris;20090119;8;6.4;11.9;5.6
Paris;20090120;3.6;1.2;6.1;0
Paris;20090121;2.1;1.5;3.6;0.6
Paris;20090122;6.8;3.6;11.8;13.6
Paris;20090123;8.8;5.6;12;4
Paris;20090124;4.4;2.6;6.7;0
Paris;20090125;4;0.6;7.4;0.6
Paris;20090126;3.8;3.1;4.6;0
Paris;20090127;3.8;1.7;5.8;0
Paris;20090128;1.8;0.1;3.6;0
Paris;20090129;0.8;-2.7;4.4;0
Paris;20090130;0.6;-3.3;4.6;0
Paris;20090131;1.4;-1.2;4;0
Paris;20090201;-0.6;-3.8;2.6;3.8
Paris;20090202;1.7;-1.8;5.2;7.6
Paris;20090203;-0.3;-4.1;3.5;0
Paris;20090204;-1;-7.4;2.1;5
Paris;20090205;5.9;0.9;11;0
Paris;20090206;6.3;1.9;10.7;0.4
Paris;20090207;1.6;-0.1;3.4;0.8
Paris;20090208;2;-2.8;6.9;0.8
Paris;20090209;6.3;0.8;10.2;11.4
Paris;20090210;4.6;3.5;5.9;0.8
Paris;20090211;2.4;-2.4;7.4;2.4
Paris;20090212;3.3;1.2;5.5;2
Paris;20090213;1;-0.5;2.6;1
Paris;20090214;1.8;-0.8;4.5;0
Paris;20090215;1.2;-3.8;6.1;0
Paris;20090216;5;3.5;9;0.2
Paris;20090217;7.3;5.7;10.2;0.2
Paris;20090218;5.2;4.1;6.4;0
Paris;20090219;2;-4.4;8.5;0
Paris;20090220;7.2;5;10;0
Paris;20090221;6.9;5.2;9.2;0
Paris;20090222;6.1;6;9.2;0.2
Paris;20090223;7.2;6;8.4;0.4
Paris;20090224;6;4.5;7.5;0.2
Paris;20090225;5.2;-0.9;11.2;0
Paris;20090226;4.4;-0.6;9.4;0
Paris;20090227;4.2;0.6;7.7;0
Paris;20090228;7.6;0.7;14.4;0
Paris;20090301;8.5;3.7;13.4;0
Paris;20090302;8.4;4.7;12.2;0
Paris;20090303;5.6;-0.5;11.9;0.4
Paris;20090304;5.2;3;7.6;8.8
Paris;20090305;2.4;-1.3;6.1;0
Paris;20090306;5.6;1.5;9.7;0
Paris;20090307;5.1;-0.9;11.1;0
Paris;20090308;8.6;6.3;10.9;2.6
Paris;20090309;6.8;3;10.7;1.2
Paris;20090310;8.7;4.9;12.6;2.8
Paris;20090311;6.6;0.6;12.6;0
Paris;20090312;9.2;5.2;13.4;0
Paris;20090313;9.5;5.8;13.2;0
Paris;20090314;8.4;3.6;13.4;0
Paris;20090315;8.4;2.4;14.5;0
Paris;20090316;9.3;3.9;14.9;0
Paris;20090317;9.5;5;16.3;0
Paris;20090318;11.2;5.6;16.9;0
Paris;20090319;9.3;2.5;16.2;0
Paris;20090320;7.4;2.9;12;0
Paris;20090321;5.2;-2;12.4;0
Paris;20090322;5;-0.3;10.4;0
Paris;20090323;9;2.6;15.8;1.6
Paris;20090324;6.4;3.1;9.8;0
Paris;20090325;6.9;1.7;12.1;2.8
Paris;20090326;7.8;6.5;10;2.8
Paris;20090327;8.7;6;11.7;2.6
Paris;20090328;8.2;5.1;11.5;3
Paris;20090329;6.2;1.9;10.6;0
Paris;20090330;6.2;2.9;11.7;0
Paris;20090331;8.6;2.7;14.5;0
Paris;20090401;10.9;4.5;17.4;0
Paris;20090402;12.8;6.9;18.9;0
Paris;20090403;12.7;6.7;18.7;0
Paris;20090404;10.6;6.9;14.2;0
Paris;20090405;12;7.6;16.4;0
Paris;20090406;14.7;8.1;21.4;6.8
Paris;20090407;13.3;10.4;16.2;0.2
Paris;20090408;10;6.5;13.6;1.4
Paris;20090409;16;11.4;20.7;0
Paris;20090410;16.3;12;20.6;0
Paris;20090411;14.8;9.4;20.1;7.4
Paris;20090412;15;10.9;19.2;0
Paris;20090413;14.5;9.3;19.7;0
Paris;20090414;14.6;8.6;20.6;0.6
Paris;20090415;17;12;22;1.4
Paris;20090416;12.2;9.9;14.5;0
Paris;20090417;11.4;6.6;16.4;0
Paris;20090418;9.4;8.2;11.8;5.2
Paris;20090419;13.6;9.7;17.4;0
Paris;20090420;14.2;8.1;20.4;0
Paris;20090421;14.2;8.6;20;0
Paris;20090422;12.6;6;19.4;0
Paris;20090423;11.8;9;18.3;0
Paris;20090424;12.2;6.1;18.3;0
Paris;20090425;10.2;9.7;13;1.4
Paris;20090426;11.8;9.2;15.1;0
Paris;20090427;11.8;8.9;16.1;13.2
Paris;20090428;8.8;4.2;13.3;6.2
Paris;20090429;10.8;7.9;15;0
Paris;20090430;11;6.7;18.5;0
Paris;20090501;13;4.9;21.2;0
Paris;20090502;11.8;5.4;19.9;0
Paris;20090503;11.6;7.7;15.6;0
Paris;20090504;10.5;4.9;16.1;0
Paris;20090505;11.5;6.4;16.6;0
Paris;20090506;12.5;8.3;16.9;0
Paris;20090507;15.3;6.4;24.2;1
Paris;20090508;15.2;11.7;18.6;0
Paris;20090509;13.2;9.8;16.6;4.4
Paris;20090510;15.1;9.5;20.7;3.2
Paris;20090511;15;13.9;16.1;20.4
Paris;20090512;16.2;11.9;20.5;0
Paris;20090513;18;13.4;22.7;20
Paris;20090514;15.8;12.8;18.6;7
Paris;20090515;13.8;11.8;15.7;4.2
Paris;20090516;12.6;8.4;17;11
Paris;20090517;12.9;10.4;16.1;0.6
Paris;20090518;13.4;7.9;18.9;0
Paris;20090519;13.3;10.6;20;0
Paris;20090520;15.1;7.2;23;0
Paris;20090521;17.6;14.5;23.5;0
Paris;20090522;14.8;8.5;21.2;0
Paris;20090523;16.1;10.1;22.2;0.2
Paris;20090524;21;17;29.3;0
Paris;20090525;23.2;20.1;29.2;4.2
Paris;20090526;15.4;13.6;17.3;0
Paris;20090527;11.4;9.4;16.6;0
Paris;20090528;15.6;13.6;18.1;0
Paris;20090529;16.9;11.7;22.1;0
Paris;20090530;17.2;11.1;23.3;0
Paris;20090531;17.6;12.1;23;0
Paris;20090601;19;12.7;25.2;0
Paris;20090602;19.2;14.8;23.6;0
Paris;20090603;17.6;12.1;23.1;0
Paris;20090604;14.4;9.7;19.1;0
Paris;20090605;13.4;8;18.7;0.2
Paris;20090606;11.8;9.3;14.5;9
Paris;20090607;14.2;11;17.4;3.2
Paris;20090608;11.7;8;16.5;11.6
Paris;20090609;14.6;10;19.2;7.4
Paris;20090610;14.3;10.7;17.6;7.6
Paris;20090611;15.9;11;20.9;0
Paris;20090612;16.4;10;23;0
Paris;20090613;18.8;12;25.6;0
Paris;20090614;21.8;15.4;28.4;6.6
Paris;20090615;16.7;15.4;18.1;10.6
Paris;20090616;16.6;10.5;22.7;0.2
Paris;20090617;17.4;9.6;25.2;0
Paris;20090618;17;16.6;21.2;0.2
Paris;20090619;16.7;13.1;20.5;0
Paris;20090620;13.7;8.7;18.7;0
Paris;20090621;14.4;11.2;21.3;0
Paris;20090622;16.6;12.6;20.5;0
Paris;20090623;15.8;9.2;22.5;0
Paris;20090624;19.4;14.1;24.8;0
Paris;20090625;21.8;17.1;26.7;0.2
Paris;20090626;21.5;19.9;24.9;0.2
Paris;20090627;19.8;12.9;26.8;0
Paris;20090628;21.5;18.9;27.7;0
Paris;20090629;22.8;16;29.6;0
Paris;20090630;23.4;16.5;30.4;0
Paris;20090701;24;17.9;30.1;0
Paris;20090702;25.3;18.2;32.5;0
Paris;20090703;23;18.1;29.4;0
Paris;20090704;22.6;16.9;28.2;0
Paris;20090705;23;18.7;27.4;0
Paris;20090706;19.2;14.7;23.7;0.2
Paris;20090707;18.7;14.1;23.4;2.2
Paris;20090708;17;13.5;20.6;6.2
Paris;20090709;16.3;11.5;21.1;0
Paris;20090710;15.3;10.3;20.4;0
Paris;20090711;18.3;13.7;23;1.4
Paris;20090712;22;16.5;27.5;0.2
Paris;20090713;19.7;14.1;25.5;0
Paris;20090714;21;14.6;27.6;0
Paris;20090715;20.4;14.1;26.7;0
Paris;20090716;22.7;13.9;31.6;5.2
Paris;20090717;17.7;15.1;20.4;4.6
Paris;20090718;17.7;14.5;22.3;1
Paris;20090719;18.1;14.9;22.4;0
Paris;20090720;19.4;13.1;25.7;0
Paris;20090721;24.2;18.7;31.4;0.6
Paris;20090722;23.4;19.6;28.8;10.6
Paris;20090723;19.8;17.6;22.8;4
Paris;20090724;19.1;16;23.3;1.6
Paris;20090725;17.8;12;23.8;0
Paris;20090726;19.6;12.2;26.9;0
Paris;20090727;18.7;13.4;24.1;1.4
Paris;20090728;18.7;14.7;25.7;0
Paris;20090729;19.8;14.2;28.2;1
Paris;20090730;18.2;14.4;23.8;0.2
Paris;20090731;19.8;14.1;25.5;0
Paris;20090801;22;15.6;28.4;4.8
Paris;20090802;18.4;15;25.4;0
Paris;20090803;19.4;14.3;24.5;0
Paris;20090804;19.7;11.7;27.7;0
Paris;20090805;23.2;16;30.6;0
Paris;20090806;23.8;15.2;32.6;0.6
Paris;20090807;21.7;18.7;24.6;0.2
Paris;20090808;20.6;17.1;24.1;0
Paris;20090809;22.2;17;27.5;0
Paris;20090810;22.6;16.8;28.6;0
Paris;20090811;21.6;18.3;25.1;0
Paris;20090812;21.8;12.8;30.9;0
Paris;20090813;21.8;18.3;25.5;0
Paris;20090814;21.7;16;27.5;0
Paris;20090815;23.3;13.3;33.4;0
Paris;20090816;24.1;19;32;0
Paris;20090817;21.6;16.1;27.2;0
Paris;20090818;20.5;11.5;29.6;0
Paris;20090819;25.5;15.2;35.8;0
Paris;20090820;27;23;32.3;0
Paris;20090821;20.8;16.1;25.6;0
Paris;20090822;20.7;15.4;26.8;0
Paris;20090823;21;13.1;29;0
Paris;20090824;21.4;13.4;29.5;18.4
Paris;20090825;20.2;16.2;24.2;0
Paris;20090826;19.7;14.4;26.6;0
Paris;20090827;20.6;14.9;26.5;0
Paris;20090828;19.8;15.6;24;0
Paris;20090829;17;10.4;23.7;0
Paris;20090830;16.3;8.1;24.5;0
Paris;20090831;20.8;11.9;29.8;0
Paris;20090901;18.2;15.7;20.6;9
Paris;20090902;16.8;11.8;22;1.8
Paris;20090903;18;14.7;21.4;8.4
Paris;20090904;14.8;11.7;18.1;11.8
Paris;20090905;14.6;9.5;19.6;0.2
Paris;20090906;14.8;7.6;22;0
Paris;20090907;18;9.6;26.5;0.2
Paris;20090908;20.2;11.4;29.1;0
Paris;20090909;18.4;12.5;24.4;0
Paris;20090910;18.9;15.2;22.6;0.2
Paris;20090911;17.2;13.1;21.4;0
Paris;20090912;16.7;12.3;21.1;0
Paris;20090913;15.3;11.4;19.2;0
Paris;20090914;15.4;11.7;19.2;3.6
Paris;20090915;15;11.8;18.4;0
Paris;20090916;15.7;14;20.2;0
Paris;20090917;16.4;14.4;18.4;0
Paris;20090918;19.6;15.1;24.2;0
Paris;20090919;19.8;15.1;24.5;0
Paris;20090920;18.5;14;23.5;0
Paris;20090921;18.4;14.2;22.6;0
Paris;20090922;17.6;10.7;24.6;0.2
Paris;20090923;15.7;8.9;22.6;0
Paris;20090924;16.3;13.7;21.8;0
Paris;20090925;15.5;9.9;21.2;0
Paris;20090926;15.2;9.1;21.5;0
Paris;20090927;16.2;9.1;23.3;0
Paris;20090928;15.6;10;22.3;0
Paris;20090929;16.5;14;22.1;0
Paris;20090930;16.4;10.7;22.2;0
Paris;20091001;15.2;10.2;20.2;0
Paris;20091002;12.2;5.9;18.6;0
Paris;20091003;11.6;5;18.1;0
Paris;20091004;15.6;12.6;18.6;0.2
Paris;20091005;16;11.8;20.4;12.8
Paris;20091006;19;15.1;23.1;0.8
Paris;20091007;20.2;15.1;25.5;2.4
Paris;20091008;18.8;15.3;22.2;0
Paris;20091009;15.7;13.3;18.1;8.8
Paris;20091010;17.3;14.2;20.5;0.4
Paris;20091011;13;9.1;17;0.6
Paris;20091012;13.2;9.9;16.6;0
Paris;20091013;10.4;5.4;15.6;0
Paris;20091014;10.2;8;12.4;0
Paris;20091015;6;0.3;11.7;0
Paris;20091016;7.8;1.9;13.8;0.4
Paris;20091017;10.8;7.9;13.8;0.6
Paris;20091018;7.7;3.1;12.4;0
Paris;20091019;5.4;-0.7;11.4;0.2
Paris;20091020;9.3;2.4;16.3;0.8
Paris;20091021;11.6;10.9;12.5;5.4
Paris;20091022;12.9;9.7;16.1;2.2
Paris;20091023;12;10.1;14.5;1.4
Paris;20091024;14.2;13;17.7;1.4
Paris;20091025;12.8;9.2;16.5;0.2
Paris;20091026;12;7;17.6;0
Paris;20091027;10;4.2;17.1;0
Paris;20091028;11.1;5.1;17.5;0
Paris;20091029;11;7.5;15.8;0
Paris;20091030;8.2;7.1;9.7;0
Paris;20091031;10.4;7.1;15.9;0.4
Paris;20091101;14.6;11.5;17.9;14.2
Paris;20091102;9.6;7.4;11.7;1
Paris;20091103;9.6;6;13.2;5.2
Paris;20091104;10;7.2;12.7;0.8
Paris;20091105;9.6;6.6;12.7;4.2
Paris;20091106;8.6;5;12.2;2.2
Paris;20091107;7.8;4;11.6;0.8
Paris;20091108;6.8;4.1;9.5;0
Paris;20091109;6.6;3.5;9.7;0
Paris;20091110;5.6;1.6;9.6;0
Paris;20091111;6.8;3.2;10.6;0
Paris;20091112;8.7;3.9;13.6;0
Paris;20091113;14.8;11.2;18.4;0
Paris;20091114;12.8;10.9;14.9;1.2
Paris;20091115;12.3;10.1;14.6;4.4
Paris;20091116;12.9;12.7;15.5;3.2
Paris;20091117;10.2;9.7;10.7;3.2
Paris;20091118;11.1;8.5;13.8;0
Paris;20091119;9.6;5.6;13.6;0
Paris;20091120;12.1;8.1;16.1;1.2
Paris;20091121;13.6;11.2;16.2;5.8
Paris;20091122;11.8;9.6;14;0.8
Paris;20091123;10.7;9.6;13.5;5.4
Paris;20091124;13.4;13.1;14.5;0
Paris;20091125;10.5;9;12.2;4
Paris;20091126;9.6;7.1;12.2;1.6
Paris;20091127;8.8;6.6;11.2;0
Paris;20091128;8.8;7.1;11.1;3.6
Paris;20091129;8.4;7.1;9.8;4.8
Paris;20091130;5.7;4.2;7.2;0
Paris;20091201;6.7;4.4;9.1;0
Paris;20091202;7.2;4.1;9;2.8
Paris;20091203;8.2;5.5;11;1.2
Paris;20091204;4.8;0.4;9.2;2.8
Paris;20091205;9;5.2;12.7;3
Paris;20091206;10.4;7.5;13.5;1
Paris;20091207;7;3.7;10.1;3
Paris;20091208;6.3;3.9;10.4;4.2
Paris;20091209;10.2;7.1;13.2;2.6
Paris;20091210;8.9;5.6;12.2;0
Paris;20091211;5.2;0.7;9.6;0
Paris;20091212;3.8;2.5;8.2;0
Paris;20091213;1.6;-0.1;3.2;0
Paris;20091214;-0.8;-2.4;0.9;0
Paris;20091215;-2.4;-4.7;0;0
Paris;20091216;-1.1;-3.6;1.4;0
Paris;20091217;-2.6;-6.1;0.8;4.4
Paris;20091218;-2.5;-4.4;-0.5;0.2
Paris;20091219;-4.5;-7.8;-1;0
Paris;20091220;-1.4;-4.4;1.6;1
Paris;20091221;-1.2;-5.1;2.7;9
Paris;20091222;1.2;2.1;2.1;0
Paris;20091223;2.2;-0.5;4.8;0
Paris;20091224;2.4;-1.6;6.5;7.8
Paris;20091225;5.2;3.6;7.8;0
Paris;20091226;2.6;-0.9;6.2;0
Paris;20091227;4.6;0.6;8.7;0
Paris;20091228;3.4;1;6.2;8.4
Paris;20091229;7.8;4.4;12.7;3.6
Paris;20091230;10.4;9.1;11.8;8.2
Paris;20091231;5.4;2.2;8.6;0
